{
 "action_space": "Box([-1.91986   -1.7453293 -1.69      -1.65806   -2.7438474 -0.17453  ], [1.91986   1.7453293 1.69      1.65806   2.7438474 1.7453291], (6,), float32)",
 "task_description": "Pick up the red cube and place it on the blue circle.",
 "control_hz_native": 200,
 "policy_hz": 33,
 "pixel_values_shape": "(2, 729, 588)",
 "state_t0": [
  0.007,
  179.993,
  180.029,
  37.827,
  -0.001,
  0.0
 ],
 "action_dim": 6,
 "action_min": [
  -24.942,
  124.238,
  149.429,
  34.74,
  0.16,
  0.0
 ],
 "action_max": [
  -0.767,
  175.866,
  177.657,
  41.377,
  7.658,
  35.683
 ],
 "action_mean_abs": [
  12.974,
  145.286,
  161.582,
  37.29,
  2.489,
  7.476
 ],
 "n_steps_run": 40
}